-- phpMyAdmin SQL Dump
-- version 3.4.10.1deb1
-- http://www.phpmyadmin.net
--
-- 主機: localhost
-- 產生日期: 2014 年 07 月 31 日 13:44
-- 伺服器版本: 5.5.38
-- PHP 版本: 5.3.10-1ubuntu3.13

SET SQL_MODE="NO_AUTO_VALUE_ON_ZERO";
SET time_zone = "+00:00";


/*!40101 SET @OLD_CHARACTER_SET_CLIENT=@@CHARACTER_SET_CLIENT */;
/*!40101 SET @OLD_CHARACTER_SET_RESULTS=@@CHARACTER_SET_RESULTS */;
/*!40101 SET @OLD_COLLATION_CONNECTION=@@COLLATION_CONNECTION */;
/*!40101 SET NAMES utf8 */;

--
-- 資料庫: `myhealth`
--

-- --------------------------------------------------------

--
-- 表的結構 `account`
--

CREATE TABLE IF NOT EXISTS `account` (
  `ID` int(11) NOT NULL AUTO_INCREMENT,
  `username` varchar(30) NOT NULL,
  `name` varchar(100) NOT NULL,
  `gender` char(1) NOT NULL DEFAULT 'M',
  `birthday` date NOT NULL,
  `email` varchar(200) NOT NULL,
  `phone` varchar(40) NOT NULL,
  `timezone` varchar(30) NOT NULL,
  `authority` varchar(30) NOT NULL,
  `password` varchar(200) NOT NULL,
  `weight` varchar(20) NOT NULL,
  `glucose` varchar(20) NOT NULL,
  PRIMARY KEY (`ID`),
  KEY `username` (`username`)
) ENGINE=MyISAM  DEFAULT CHARSET=utf8 AUTO_INCREMENT=25 ;

--
-- 轉存資料表中的資料 `account`
--

INSERT INTO `account` (`ID`, `username`, `name`, `gender`, `birthday`, `email`, `phone`, `timezone`, `authority`, `password`, `weight`, `glucose`) VALUES
(1, 'admin', 'Superuser 管理員', 'M', '1964-08-25', 'ookey.lai@gmail.com', '0920190140', '+8', 'ADMIN', 'd7dadc62db2dc1a06927925d0822b61b', 'kg', 'mmol/L'),
(2, 'user1', 'Test User1', 'M', '1978-12-12', 'ookey.lai@twgrid.org', '0920-111222', '+8', 'USER', '098f6bcd4621d373cade4e832627b4f6', 'kg', 'mmol/L'),
(3, 'user2', 'Ookey  先生', 'M', '1988-06-20', 'ookeykimo@yahoo.com.tw', '0920-190140', '+8', 'USER', '098f6bcd4621d373cade4e832627b4f6', 'kg', 'mmol/L'),
(4, 'user3', 'Cherry', 'F', '1964-08-25', 'admin@domain.com', '886227898313', '+2', 'USER', '098f6bcd4621d373cade4e832627b4f6', 'kg', 'mmol/L'),
(6, 'jtsai', 'JTsai', 'M', '0000-00-00', 'jtsaitw@gmail.com', '555-9999', '+8', 'USER', 'cc03e747a6afbbcbf8be7668acfebee5', 'kg', 'mmol/L'),
(7, 'uploader', '資料上傳', 'M', '0000-00-00', '', '', '+8', 'USER', '764de9f0293d3b22dc80afe67679fbb3', '', ''),
(8, 'user11', '測驗人 1-1', 'M', '0000-00-00', '', '', '+8', 'USER', '03aa1a0b0375b0461c1b8f35b234e67a', '', ''),
(9, 'user12', '測驗人 1-2', 'M', '0000-00-00', '', '', '+8', 'USER', 'd781eaae8248db6ce1a7b82e58e60435', '', ''),
(10, 'user13', '測驗人 1-3', 'M', '0000-00-00', '', '', '+8', 'USER', 'd09979d794a6ee60d836f884739f7196', '', ''),
(11, 'user14', '測驗人 1-4', '', '0000-00-00', '', '', '+8', 'USER', 'ef06d5cbf35386ff2203d186eeff7923', '', ''),
(12, 'user15', '測驗人 1-5', 'M', '0000-00-00', '', '', '+8', 'USER', '726dedc0d6788b05f486730edcc0e871', '', ''),
(13, 'user21', '測驗人 2-1', 'M', '0000-00-00', '', '', '+8', 'USER', '2e129db15b6d6db5342ba5d328642262', '', ''),
(14, 'user22', '測驗人 2-2', 'M', '0000-00-00', '', '', '+8', 'USER', '87dc1e131a1369fdf8f1c824a6a62dff', '', ''),
(15, 'user23', '測驗人 2-3', 'F', '0000-00-00', '', '', '+8', 'USER', '00a65dd47e842bcc3d82a296301071fb', '', ''),
(16, 'user24', '測驗人 2-4', 'M', '0000-00-00', '', '', '+8', 'USER', '5e6c9b24829588e0ac8f7d8074a4bfd4', '', ''),
(17, 'user25', '測驗人 2-5', 'M', '0000-00-00', '', '', '+8', 'USER', '0f8f84c18bfd5244ed976f63924a8a0e', '', ''),
(18, 'user31', '測驗人 3-1', 'M', '0000-00-00', '', '', '+8', 'USER', '0c673c53a29acb19c7e55b292d259e4d', '', ''),
(19, 'user32', '測驗人 3-2', 'M', '0000-00-00', '', '', '+8', 'USER', 'd21dbd2c4e178b2cb55dce0c6a43effc', '', ''),
(20, 'user33', '測驗人 3-3', 'M', '0000-00-00', '', '', '+8', 'USER', 'c6f273ac241a04216e0a703c18c36532', '', ''),
(21, 'user34', '測驗人 3-4', 'M', '0000-00-00', '', '', '+8', 'USER', '9ece8c4020f8aed10676cd1c56a41889', '', ''),
(22, 'user35', '測驗人 3-5', 'M', '0000-00-00', '', '', '+8', 'USER', '8cd5a487792e95045574fe205e4efdf9', '', ''),
(23, 'uploader2', '資料上傳 2', 'M', '0000-00-00', '', '', '+8', 'USER', 'cf583f1ead7a7d039b63b3228a103b98', '', ''),
(24, 'uploader3', '資料上傳 3', 'M', '0000-00-00', '', '', '+8', 'USER', '506dedaef572086121d7e7e84e62e4c0', '', '');

-- --------------------------------------------------------

--
-- 表的結構 `accountdevice`
--

CREATE TABLE IF NOT EXISTS `accountdevice` (
  `accountID` int(11) NOT NULL,
  `deviceID` int(11) NOT NULL,
  `deviceSN` varchar(100) NOT NULL,
  KEY `accountID` (`accountID`),
  KEY `deviceID` (`deviceID`)
) ENGINE=MyISAM DEFAULT CHARSET=utf8;

--
-- 轉存資料表中的資料 `accountdevice`
--

INSERT INTO `accountdevice` (`accountID`, `deviceID`, `deviceSN`) VALUES
(6, 2, 'a001'),
(6, 1, 'b001'),
(6, 3, 'iBP-0000000001');

-- --------------------------------------------------------

--
-- 表的結構 `accountgroup`
--

CREATE TABLE IF NOT EXISTS `accountgroup` (
  `accountID` int(11) NOT NULL,
  `groupID` int(11) NOT NULL,
  KEY `accountID` (`accountID`),
  KEY `groupID` (`groupID`)
) ENGINE=InnoDB DEFAULT CHARSET=utf8;

--
-- 轉存資料表中的資料 `accountgroup`
--

INSERT INTO `accountgroup` (`accountID`, `groupID`) VALUES
(3, 4),
(1, 4),
(4, 5),
(2, 6),
(4, 7),
(6, 7),
(3, 7);

-- --------------------------------------------------------

--
-- 表的結構 `accountitem`
--

CREATE TABLE IF NOT EXISTS `accountitem` (
  `accountID` int(11) NOT NULL,
  `itemID` int(11) NOT NULL,
  KEY `accountID` (`accountID`),
  KEY `itemID` (`itemID`)
) ENGINE=MyISAM DEFAULT CHARSET=utf8;

--
-- 轉存資料表中的資料 `accountitem`
--

INSERT INTO `accountitem` (`accountID`, `itemID`) VALUES
(10, 6),
(2, 1),
(1, 3),
(1, 2),
(1, 1),
(6, 6),
(6, 2),
(2, 2),
(6, 1),
(1, 6),
(10, 1),
(12, 6),
(8, 6),
(9, 6),
(11, 6),
(13, 6),
(14, 6),
(15, 6),
(16, 6),
(17, 6),
(18, 6),
(19, 6),
(20, 6),
(21, 6),
(22, 6),
(7, 6);

-- --------------------------------------------------------

--
-- 表的結構 `category`
--

CREATE TABLE IF NOT EXISTS `category` (
  `ID` int(11) NOT NULL AUTO_INCREMENT,
  `itemID` int(11) NOT NULL,
  `name_en` varchar(100) NOT NULL,
  `name_tw` varchar(100) NOT NULL,
  `type_Def` varchar(30) NOT NULL DEFAULT 'System',
  `accountID` int(11) NOT NULL,
  PRIMARY KEY (`ID`),
  KEY `itemID` (`itemID`),
  KEY `accountID` (`accountID`)
) ENGINE=MyISAM  DEFAULT CHARSET=utf8 AUTO_INCREMENT=10 ;

--
-- 轉存資料表中的資料 `category`
--

INSERT INTO `category` (`ID`, `itemID`, `name_en`, `name_tw`, `type_Def`, `accountID`) VALUES
(1, 0, 'Morning', '早上', 'SYSTEM', 0),
(2, 0, 'Noon', '中午', 'SYSTEM', 0),
(3, 0, 'Night', '晚上', 'SYSTEM', 0),
(4, 2, 'meals (before)', '餐前', 'SYSTEM', 6),
(9, 2, 'meals (after)', '餐後', 'SYSTEM', 6);

-- --------------------------------------------------------

--
-- 表的結構 `device`
--

CREATE TABLE IF NOT EXISTS `device` (
  `ID` int(11) NOT NULL AUTO_INCREMENT,
  `name_en` varchar(100) NOT NULL,
  `name_tw` varchar(100) NOT NULL,
  `model` varchar(100) NOT NULL,
  `information` varchar(255) NOT NULL,
  PRIMARY KEY (`ID`)
) ENGINE=MyISAM  DEFAULT CHARSET=utf8 AUTO_INCREMENT=6 ;

--
-- 轉存資料表中的資料 `device`
--

INSERT INTO `device` (`ID`, `name_en`, `name_tw`, `model`, `information`) VALUES
(1, '血壓計(EN)', '血壓計(AK)', 'AK-001', 'V12.1'),
(2, '血糖機(EN)', '血糖機(G)', 'G-123', 'V 500'),
(3, 'iKare BP', 'iKare BP', 'test', 'test'),
(4, '', 'ECG', 'ECG-001', ' 心電圖警訊'),
(5, '', 'HRV', 'HRV-001', '心律變異(交感/副交感神經活性指數)');

-- --------------------------------------------------------

--
-- 表的結構 `groups`
--

CREATE TABLE IF NOT EXISTS `groups` (
  `ID` int(11) NOT NULL AUTO_INCREMENT,
  `groupname` varchar(80) NOT NULL,
  `parentID` int(11) NOT NULL,
  PRIMARY KEY (`ID`),
  KEY `parentID` (`parentID`)
) ENGINE=InnoDB  DEFAULT CHARSET=utf8 AUTO_INCREMENT=8 ;

--
-- 轉存資料表中的資料 `groups`
--

INSERT INTO `groups` (`ID`, `groupname`, `parentID`) VALUES
(1, 'GP1', 0),
(2, 'GP2', 1),
(4, 'GP3', 0),
(5, 'GP3-1', 4),
(6, 'GP3-2', 4),
(7, 'GP3-3', 4);

-- --------------------------------------------------------

--
-- 表的結構 `item`
--

CREATE TABLE IF NOT EXISTS `item` (
  `ID` int(11) NOT NULL AUTO_INCREMENT,
  `name_en` varchar(30) NOT NULL,
  `name_tw` varchar(30) NOT NULL,
  `deviceID` int(11) NOT NULL,
  `articleMode` varchar(20) NOT NULL,
  `userArticle` varchar(20) NOT NULL,
  PRIMARY KEY (`ID`),
  KEY `deviceID` (`deviceID`)
) ENGINE=MyISAM  DEFAULT CHARSET=utf8 AUTO_INCREMENT=7 ;

--
-- 轉存資料表中的資料 `item`
--

INSERT INTO `item` (`ID`, `name_en`, `name_tw`, `deviceID`, `articleMode`, `userArticle`) VALUES
(1, 'Blood Pressure', '血壓', 1, 'LIST', 'NO'),
(2, 'Glucose', '血糖', 2, 'LIST', 'NO'),
(3, 'Weight', '體重', 0, 'LIST', 'NO'),
(4, 'Medication', '藥物', 0, 'SELECT', 'YES'),
(5, 'Exercise', '運動', 0, 'SELECT', 'YES'),
(6, 'iKare BP', 'iKare BP', 3, 'LIST', 'NO');

-- --------------------------------------------------------

--
-- 表的結構 `itemarticle`
--

CREATE TABLE IF NOT EXISTS `itemarticle` (
  `ID` int(11) NOT NULL AUTO_INCREMENT,
  `itemID` int(11) NOT NULL,
  `field_index` int(11) NOT NULL,
  `name_en` varchar(30) NOT NULL,
  `name_tw` varchar(30) NOT NULL,
  `measurement_en` varchar(30) NOT NULL,
  `measurement_tw` varchar(30) NOT NULL,
  `min_Value` decimal(11,2) NOT NULL,
  `max_Value` decimal(11,2) NOT NULL,
  `value_1` decimal(11,2) NOT NULL,
  `value_2` decimal(11,2) NOT NULL,
  `type_Def` varchar(30) NOT NULL DEFAULT 'SYSTEM',
  `accountID` int(11) NOT NULL,
  `display_order` int(11) NOT NULL,
  `display_default` varchar(10) NOT NULL DEFAULT 'true',
  PRIMARY KEY (`ID`),
  KEY `itemID` (`itemID`),
  KEY `accountID` (`accountID`)
) ENGINE=MyISAM  DEFAULT CHARSET=utf8 AUTO_INCREMENT=19 ;

--
-- 轉存資料表中的資料 `itemarticle`
--

INSERT INTO `itemarticle` (`ID`, `itemID`, `field_index`, `name_en`, `name_tw`, `measurement_en`, `measurement_tw`, `min_Value`, `max_Value`, `value_1`, `value_2`, `type_Def`, `accountID`, `display_order`, `display_default`) VALUES
(1, 1, 0, 'Systolic', '收縮壓', 'mm', 'mm', 40.00, 250.00, 0.00, 140.00, 'SYSTEM', 0, 0, 'true'),
(2, 1, 0, 'Diastolic', '舒張壓', 'mm', 'mm', 40.00, 250.00, 0.00, 90.00, 'SYSTEM', 0, 0, 'true'),
(3, 1, 0, 'Pulse', '心跳數', 'times', '次', 40.00, 200.00, 0.00, 100.00, 'SYSTEM', 0, 0, 'true'),
(4, 2, 0, 'Glucose', '血糖值', 'mmol/L', 'mmol/L', 0.00, 0.00, 70.00, 120.00, 'SYSTEM', 0, 0, 'true'),
(5, 3, 0, 'Weight', '體重', 'kg', '公斤', 0.00, 200.00, 0.00, 0.00, 'SYSTEM', 0, 0, 'true'),
(6, 4, 0, 'Aspirin', '阿斯匹林', 'pellet', '顆', 0.00, 10.00, 0.00, 0.00, 'USER', 3, 0, 'true'),
(7, 5, 0, 'Jog', '慢跑', 'minutes', '分鐘', 0.00, 180.00, 0.00, 0.00, 'USER', 3, 0, 'true'),
(8, 4, 0, 'Vitamin B', '維他命 B', 'pellet', '顆', 0.00, 5.00, 0.00, 0.00, 'SYSTEM', 0, 0, 'true'),
(9, 5, 0, 'Swimming', '游泳', 'm', '公尺', 0.00, 0.00, 0.00, 0.00, 'SYSTEM', 0, 0, 'true'),
(10, 5, 0, 'Jog', '慢跑', 'minutes', '分鐘', 5.00, 300.00, 0.00, 0.00, 'USER', 6, 0, 'true'),
(11, 6, 10, 'HR', '心率', 'times', '次', 0.00, 0.00, 0.00, 0.00, 'SYSTEM', 0, 3, 'true'),
(12, 6, 11, 'DIA', '舒張壓', 'mm', 'mm', 0.00, 0.00, 0.00, 0.00, 'SYSTEM', 0, 2, 'true'),
(13, 6, 12, 'SYS', '收縮壓', 'mm', 'mm', 0.00, 0.00, 0.00, 0.00, 'SYSTEM', 0, 1, 'true'),
(14, 6, 13, 'MAP', '平均血壓', 'mm', 'mm', 0.00, 0.00, 0.00, 0.00, 'SYSTEM', 0, 4, 'false'),
(15, 6, 14, 'BASI', '動脈彈性', '', '', 0.00, 0.00, 0.00, 0.00, 'SYSTEM', 0, 7, 'false'),
(16, 6, 16, 'CO', '心輸出量', '', '', 0.00, 0.00, 0.00, 0.00, 'SYSTEM', 0, 6, 'false'),
(17, 6, 17, 'FMD', '內皮功能', '', '', 0.00, 0.00, 0.00, 0.00, 'SYSTEM', 0, 8, 'false'),
(18, 6, 15, 'SV', '心搏量', '', '', 0.00, 0.00, 0.00, 0.00, 'SYSTEM', 0, 5, 'false');

-- --------------------------------------------------------

--
-- 表的結構 `itementry`
--

CREATE TABLE IF NOT EXISTS `itementry` (
  `ID` int(11) NOT NULL AUTO_INCREMENT,
  `accountID` int(11) NOT NULL,
  `itemID` int(11) NOT NULL,
  `deviceID` int(11) NOT NULL,
  `fieldD` tinyint(4) NOT NULL,
  `fieldB` tinyint(4) NOT NULL,
  `fieldA` tinyint(4) NOT NULL,
  `fieldP` tinyint(4) NOT NULL,
  `createdTime` datetime NOT NULL,
  `categoryID` int(11) NOT NULL,
  `dataPath` varchar(120) NOT NULL,
  `note` varchar(255) NOT NULL,
  PRIMARY KEY (`ID`),
  KEY `accountID` (`accountID`),
  KEY `itemID` (`itemID`),
  KEY `deviceID` (`deviceID`),
  KEY `categoryID` (`categoryID`)
) ENGINE=MyISAM  DEFAULT CHARSET=utf8 AUTO_INCREMENT=231 ;

--
-- 轉存資料表中的資料 `itementry`
--

INSERT INTO `itementry` (`ID`, `accountID`, `itemID`, `deviceID`, `fieldD`, `fieldB`, `fieldA`, `fieldP`, `createdTime`, `categoryID`, `dataPath`, `note`) VALUES
(1, 1, 1, 0, 0, 0, 0, 0, '2012-05-18 11:53:45', 2, '', 'test 1'),
(2, 1, 4, 0, 0, 0, 0, 0, '2012-05-18 12:59:05', 3, '', ''),
(3, 1, 1, 0, 0, 0, 0, 0, '2012-05-11 15:01:06', 2, '', ''),
(4, 1, 1, 0, 0, 0, 0, 0, '2012-05-12 15:01:45', 1, '', ''),
(5, 1, 1, 0, 0, 0, 0, 0, '2012-05-13 15:02:45', 1, '', ''),
(6, 1, 1, 0, 0, 0, 0, 0, '2012-05-14 15:03:17', 2, '', ''),
(7, 1, 1, 0, 0, 0, 0, 0, '2012-05-15 15:03:43', 2, '', ''),
(8, 1, 1, 0, 0, 0, 0, 0, '2012-05-16 15:04:12', 2, '', ''),
(9, 1, 1, 0, 0, 0, 0, 0, '2012-05-17 15:04:33', 2, '', ''),
(10, 1, 4, 0, 0, 0, 0, 0, '2012-05-17 15:57:02', 3, '', ''),
(19, 1, 3, 0, 0, 0, 0, 0, '2012-03-18 16:36:57', 1, '', ''),
(13, 1, 4, 0, 0, 0, 0, 0, '2012-05-18 15:58:38', 0, '', ''),
(14, 1, 4, 0, 0, 0, 0, 0, '2012-05-11 16:06:26', 3, '', ''),
(15, 1, 4, 0, 0, 0, 0, 0, '2012-05-16 16:17:03', 2, '', ''),
(16, 1, 4, 0, 0, 0, 0, 0, '2012-05-16 16:20:10', 1, '', ''),
(17, 1, 4, 0, 0, 0, 0, 0, '2012-05-13 16:29:43', 3, '', ''),
(18, 1, 4, 0, 0, 0, 0, 0, '2012-05-17 16:31:55', 2, '', ''),
(20, 1, 3, 0, 0, 0, 0, 0, '2011-12-18 16:38:25', 1, '', '1111'),
(22, 1, 3, 0, 0, 0, 0, 0, '2012-05-21 10:43:09', 1, '', ''),
(23, 1, 1, 0, 0, 0, 0, 0, '2012-05-13 14:20:17', 2, '', ''),
(24, 6, 2, 0, 0, 0, 0, 0, '2012-07-25 06:30:17', 4, '', ''),
(25, 6, 2, 0, 0, 0, 0, 0, '2012-07-26 07:40:00', 4, '', ''),
(26, 6, 2, 0, 0, 0, 0, 0, '0000-00-00 00:00:00', 0, '', ''),
(27, 6, 2, 0, 0, 0, 0, 0, '0000-00-00 00:00:00', 0, '', ''),
(28, 6, 2, 0, 0, 0, 0, 0, '2012-07-27 06:35:00', 4, '', ''),
(29, 6, 2, 0, 0, 0, 0, 0, '2012-07-30 06:35:00', 4, '', ''),
(30, 6, 2, 0, 0, 0, 0, 0, '2012-08-01 06:50:00', 4, '', ''),
(31, 6, 2, 0, 0, 0, 0, 0, '2012-08-05 06:30:00', 4, '', ''),
(32, 6, 2, 0, 0, 0, 0, 0, '2012-08-07 06:30:00', 4, '', ''),
(33, 6, 2, 0, 0, 0, 0, 0, '2012-08-19 07:30:00', 4, '', ''),
(34, 6, 2, 0, 0, 0, 0, 0, '2012-09-06 06:30:00', 4, '', ''),
(35, 6, 2, 0, 0, 0, 0, 0, '2012-09-06 09:00:00', 9, '', ''),
(36, 6, 2, 0, 0, 0, 0, 0, '2012-09-15 06:15:00', 4, '', '22,'),
(37, 6, 2, 0, 0, 0, 0, 0, '2012-09-18 06:30:00', 4, '', '22'),
(38, 6, 2, 0, 0, 0, 0, 0, '2012-09-21 06:40:00', 4, '', '22'),
(39, 6, 2, 0, 0, 0, 0, 0, '2012-09-28 07:00:00', 4, '', '22, 吃月餅, 吃水餃'),
(40, 6, 2, 0, 0, 0, 0, 0, '2012-09-29 07:00:00', 4, '', '22, 睡前吃點心'),
(41, 6, 2, 0, 0, 0, 0, 0, '2012-09-29 21:30:00', 9, '', '4,'),
(42, 6, 2, 0, 0, 0, 0, 0, '2012-09-30 07:30:00', 4, '', '22,4'),
(43, 6, 2, 0, 0, 0, 0, 0, '2012-09-30 21:30:00', 9, '', '4, 晚餐吃Piza'),
(44, 6, 2, 0, 0, 0, 0, 0, '2012-10-01 06:30:00', 4, '', '22,4'),
(45, 6, 2, 0, 0, 0, 0, 0, '2012-10-01 21:50:00', 9, '', '4, 正常菜販'),
(46, 6, 2, 0, 0, 0, 0, 0, '2012-10-02 06:30:00', 4, '', '22,4'),
(47, 6, 2, 0, 0, 0, 0, 0, '2012-10-03 06:20:00', 4, '', '20,5'),
(48, 6, 2, 0, 0, 0, 0, 0, '2012-10-04 21:30:00', 9, '', '4,飯後喝木瓜牛奶'),
(49, 6, 2, 0, 0, 0, 0, 0, '2012-10-05 06:30:00', 4, '', '20,4'),
(50, 6, 2, 0, 0, 0, 0, 0, '2012-10-07 21:25:00', 9, '', '晚餐13個水餃'),
(51, 6, 2, 0, 0, 0, 0, 0, '2012-10-08 06:30:00', 4, '', '20,4'),
(52, 6, 2, 0, 0, 0, 0, 0, '2012-10-09 06:30:00', 4, '', '20,4 '),
(53, 6, 2, 0, 0, 0, 0, 0, '2012-10-10 07:20:00', 4, '', '20,4 昨晚吃火鍋'),
(54, 6, 2, 0, 0, 0, 0, 0, '2012-10-13 06:10:00', 4, '', '20,4 昨天練球, 昨晚餐牛肉麵'),
(55, 6, 2, 0, 0, 0, 0, 0, '2012-10-16 06:35:00', 4, '', '20,4 昨晚吃點心,麵包'),
(56, 6, 2, 0, 0, 0, 0, 0, '2012-10-20 06:55:36', 4, '', '20,4'),
(57, 6, 2, 0, 0, 0, 0, 0, '2012-10-22 06:30:00', 4, '', '20,5 昨天中午吃 西式buffet'),
(58, 6, 2, 0, 0, 0, 0, 0, '2012-10-26 06:50:22', 4, '', '20,4'),
(59, 6, 2, 0, 0, 0, 0, 0, '2012-11-05 06:30:58', 4, '', '20,4'),
(60, 6, 2, 0, 0, 0, 0, 0, '2012-11-11 08:20:51', 4, '', '20,4'),
(61, 6, 2, 0, 0, 0, 0, 0, '2012-11-13 07:09:32', 4, '', '20,4, 昨晚吃點心(餅乾,牛奶)'),
(62, 6, 1, 0, 0, 0, 0, 0, '2012-06-15 09:39:59', 1, '', ''),
(63, 6, 1, 0, 0, 0, 0, 0, '2012-06-30 10:43:26', 1, '', ''),
(64, 6, 1, 0, 0, 0, 0, 0, '2012-07-11 10:44:22', 1, '', ''),
(65, 6, 1, 0, 0, 0, 0, 0, '2012-07-17 10:45:25', 1, '', ''),
(66, 6, 1, 0, 0, 0, 0, 0, '2012-07-17 11:46:46', 1, '', ''),
(67, 6, 1, 0, 0, 0, 0, 0, '2012-07-18 09:48:03', 1, '', ''),
(68, 6, 1, 0, 0, 0, 0, 0, '2012-07-20 10:48:50', 1, '', ''),
(69, 6, 1, 0, 0, 0, 0, 0, '2012-07-27 10:20:21', 1, '', ''),
(70, 6, 1, 0, 0, 0, 0, 0, '2012-07-29 09:21:30', 1, '', ''),
(71, 6, 1, 0, 0, 0, 0, 0, '2012-07-31 10:22:13', 1, '', ''),
(72, 6, 1, 0, 0, 0, 0, 0, '2012-08-01 09:23:13', 1, '', ''),
(73, 6, 1, 0, 0, 0, 0, 0, '2012-08-01 11:23:57', 1, '', ''),
(74, 6, 1, 0, 0, 0, 0, 0, '2012-08-03 09:24:56', 1, '', ''),
(75, 6, 1, 0, 0, 0, 0, 0, '2012-08-06 10:26:07', 1, '', ''),
(76, 6, 1, 0, 0, 0, 0, 0, '2012-08-10 11:27:19', 2, '', ''),
(77, 6, 1, 0, 0, 0, 0, 0, '2012-08-10 11:29:15', 2, '', 'left'),
(78, 6, 1, 0, 0, 0, 0, 0, '2012-08-13 09:30:04', 1, '', ''),
(79, 6, 1, 0, 0, 0, 0, 0, '2012-08-21 09:30:43', 1, '', ''),
(80, 6, 1, 0, 0, 0, 0, 0, '2012-08-21 10:31:24', 1, '', ''),
(81, 6, 1, 0, 0, 0, 0, 0, '2012-08-29 09:32:18', 1, '', ''),
(82, 6, 1, 0, 0, 0, 0, 0, '2012-08-31 10:33:11', 1, '', ''),
(83, 6, 1, 0, 0, 0, 0, 0, '2012-09-01 09:34:14', 1, '', ''),
(84, 6, 1, 0, 0, 0, 0, 0, '2012-09-02 10:37:41', 1, '', ''),
(85, 6, 1, 0, 0, 0, 0, 0, '2012-09-02 10:50:36', 1, '', ''),
(86, 6, 1, 0, 0, 0, 0, 0, '2012-09-04 11:39:42', 2, '', ''),
(87, 6, 1, 0, 0, 0, 0, 0, '2012-09-08 11:40:45', 2, '', ''),
(88, 6, 1, 0, 0, 0, 0, 0, '2012-09-12 12:41:31', 1, '', ''),
(89, 6, 1, 0, 0, 0, 0, 0, '2012-09-15 11:42:25', 1, '', ''),
(90, 6, 1, 0, 0, 0, 0, 0, '2012-09-16 10:43:31', 1, '', ''),
(91, 6, 1, 0, 0, 0, 0, 0, '2012-09-17 10:44:20', 1, '', ''),
(92, 6, 1, 0, 0, 0, 0, 0, '2012-09-20 10:45:31', 1, '', ''),
(93, 6, 1, 0, 0, 0, 0, 0, '2012-09-20 10:46:12', 1, '', 'left'),
(94, 6, 1, 0, 0, 0, 0, 0, '2012-09-20 16:20:25', 2, '', ''),
(95, 6, 1, 0, 0, 0, 0, 0, '2012-09-21 08:48:36', 1, '', ''),
(96, 6, 1, 0, 0, 0, 0, 0, '2012-09-21 08:49:24', 1, '', 'left'),
(97, 6, 1, 0, 0, 0, 0, 0, '2012-09-21 10:50:29', 1, '', ''),
(98, 6, 1, 0, 0, 0, 0, 0, '2012-09-22 11:20:32', 1, '', ''),
(99, 6, 1, 0, 0, 0, 0, 0, '2012-09-23 10:12:16', 1, '', ''),
(100, 6, 1, 0, 0, 0, 0, 0, '2012-09-24 09:53:13', 1, '', ''),
(101, 6, 1, 0, 0, 0, 0, 0, '2012-09-26 10:53:57', 1, '', ''),
(102, 6, 1, 0, 0, 0, 0, 0, '2012-09-29 10:54:42', 1, '', ''),
(103, 6, 1, 0, 0, 0, 0, 0, '2012-10-04 09:55:34', 1, '', ''),
(104, 6, 1, 0, 0, 0, 0, 0, '2012-10-04 09:56:30', 1, '', 'left'),
(105, 6, 1, 0, 0, 0, 0, 0, '2012-10-05 10:00:21', 1, '', ''),
(106, 6, 1, 0, 0, 0, 0, 0, '2012-10-05 09:58:18', 1, '', 'left'),
(107, 6, 1, 0, 0, 0, 0, 0, '2012-10-05 11:59:16', 2, '', ''),
(108, 6, 1, 0, 0, 0, 0, 0, '2012-10-10 10:59:53', 1, '', ''),
(109, 6, 1, 0, 0, 0, 0, 0, '2012-10-14 09:50:39', 1, '', ''),
(110, 6, 1, 0, 0, 0, 0, 0, '2012-10-23 10:01:29', 1, '', ''),
(111, 6, 1, 0, 0, 0, 0, 0, '2012-10-28 10:02:13', 1, '', ''),
(112, 6, 1, 0, 0, 0, 0, 0, '2012-10-31 11:02:46', 1, '', ''),
(113, 6, 1, 0, 0, 0, 0, 0, '2012-11-01 10:03:25', 1, '', ''),
(114, 6, 1, 0, 0, 0, 0, 0, '2012-11-02 11:04:05', 1, '', ''),
(115, 6, 1, 0, 0, 0, 0, 0, '2012-11-06 10:04:37', 1, '', ''),
(116, 6, 1, 0, 0, 0, 0, 0, '2012-11-12 10:05:14', 1, '', ''),
(117, 6, 1, 0, 0, 0, 0, 0, '2012-11-15 09:50:53', 1, '', ''),
(118, 6, 1, 0, 0, 0, 0, 0, '2012-11-17 09:06:30', 1, '', ''),
(119, 6, 1, 0, 0, 0, 0, 0, '2012-11-18 11:07:23', 1, '', ''),
(120, 6, 1, 0, 0, 0, 0, 0, '2012-11-19 10:08:00', 1, '', ''),
(121, 6, 1, 0, 0, 0, 0, 0, '2012-11-19 12:08:47', 2, '', ''),
(122, 6, 1, 0, 0, 0, 0, 0, '2012-11-20 09:09:33', 1, '', ''),
(123, 6, 2, 0, 0, 0, 0, 0, '2012-11-21 07:11:22', 4, '', '20,4'),
(124, 6, 2, 0, 0, 0, 0, 0, '2012-11-26 21:40:54', 9, '', '18,6'),
(125, 6, 2, 0, 0, 0, 0, 0, '2012-11-27 06:50:17', 4, '', '18,6'),
(209, 6, 6, 3, 0, 0, 0, 4, '2013-08-22 18:05:00', 0, '', ''),
(208, 6, 6, 3, 0, 0, 0, 4, '2013-08-22 18:04:00', 0, '', ''),
(207, 6, 6, 3, 0, 0, 0, 4, '2013-08-22 17:59:00', 0, '', ''),
(206, 6, 6, 3, 0, 1, 0, 4, '2013-08-22 17:58:00', 0, '', ''),
(205, 6, 6, 3, 0, 0, 0, 4, '2013-08-22 17:57:00', 0, '', ''),
(204, 6, 6, 3, 0, 1, 1, 3, '2013-08-22 17:55:00', 0, '', ''),
(203, 6, 6, 3, 0, 0, 0, 3, '2013-08-22 17:53:00', 0, '', ''),
(202, 6, 6, 3, 0, 0, 0, 3, '2013-08-22 17:51:00', 0, '', ''),
(201, 6, 6, 3, 0, 0, 0, 3, '2013-08-22 17:07:00', 0, '', ''),
(200, 6, 6, 3, 0, 0, 0, 3, '2013-08-22 17:04:00', 0, '', ''),
(199, 6, 6, 3, 0, 0, 0, 1, '2013-08-22 17:02:00', 0, '', ''),
(198, 6, 6, 3, 0, 0, 0, 1, '2013-08-22 15:32:00', 0, '', ''),
(197, 6, 6, 3, 0, 0, 0, 2, '2013-08-22 14:40:00', 0, '', ''),
(196, 6, 6, 3, 0, 0, 0, 2, '2013-08-22 13:51:00', 0, '', ''),
(195, 6, 6, 3, 0, 0, 0, 2, '2013-08-22 13:34:00', 0, '', ''),
(193, 6, 6, 3, 0, 0, 0, 1, '2013-08-22 12:46:00', 0, '', ''),
(194, 6, 6, 3, 0, 0, 0, 1, '2013-08-22 13:32:00', 0, '', ''),
(192, 6, 6, 3, 0, 1, 0, 1, '2013-08-22 12:27:00', 0, '', ''),
(191, 6, 6, 3, 0, 0, 1, 1, '2013-01-01 20:45:00', 0, '', ''),
(190, 6, 6, 3, 0, 0, 0, 1, '2013-01-01 00:53:00', 0, '', ''),
(210, 6, 6, 3, 0, 0, 0, 5, '2013-08-22 19:16:00', 0, '', ''),
(211, 8, 6, 3, 0, 0, 0, 1, '2014-07-01 22:26:00', 0, '', ''),
(212, 9, 6, 3, 0, 0, 0, 2, '2014-07-01 22:27:00', 0, '', ''),
(213, 10, 6, 3, 0, 0, 0, 3, '2014-07-01 22:30:00', 0, '', ''),
(214, 13, 6, 3, 0, 0, 0, 1, '2014-07-01 22:26:00', 0, '', ''),
(215, 14, 6, 3, 0, 0, 0, 2, '2014-07-01 22:27:00', 0, '', ''),
(216, 15, 6, 3, 0, 0, 0, 3, '2014-07-01 22:30:00', 0, '', ''),
(217, 18, 6, 3, 0, 0, 0, 1, '2014-07-01 22:26:00', 0, '', ''),
(218, 19, 6, 3, 0, 0, 0, 2, '2014-07-01 22:27:00', 0, '', ''),
(219, 20, 6, 3, 0, 0, 0, 3, '2014-07-01 22:30:00', 0, '', ''),
(220, 8, 6, 3, 0, 0, 0, 1, '2014-07-01 22:27:00', 0, '', ''),
(221, 8, 6, 3, 0, 0, 0, 1, '2014-07-01 22:30:00', 0, '', ''),
(222, 8, 6, 3, 0, 0, 0, 1, '2014-07-07 09:55:00', 0, '', ''),
(223, 8, 6, 3, 0, 0, 0, 1, '2014-07-07 09:57:00', 0, '', ''),
(224, 8, 6, 3, 0, 0, 0, 1, '2014-07-07 13:26:00', 0, '', ''),
(225, 8, 6, 3, 0, 0, 0, 1, '2014-07-07 13:28:00', 0, '', ''),
(226, 8, 6, 3, 0, 0, 0, 1, '2014-07-08 09:07:00', 0, '', ''),
(227, 9, 6, 3, 1, 0, 0, 2, '2014-07-28 09:25:00', 0, '', ''),
(228, 10, 6, 3, 1, 0, 0, 3, '2014-07-28 09:27:00', 0, '', ''),
(229, 12, 6, 3, 1, 0, 0, 5, '2014-07-28 09:28:00', 0, '', ''),
(230, 11, 6, 3, 1, 0, 0, 4, '2014-07-28 09:29:00', 0, '', '');

-- --------------------------------------------------------

--
-- 表的結構 `itementryrow`
--

CREATE TABLE IF NOT EXISTS `itementryrow` (
  `ID` int(11) NOT NULL AUTO_INCREMENT,
  `itemEntryID` int(11) NOT NULL,
  `itemArticleID` int(11) NOT NULL,
  `value` decimal(11,5) NOT NULL,
  PRIMARY KEY (`ID`),
  KEY `itemArticleID` (`itemArticleID`),
  KEY `itemEntryID` (`itemEntryID`)
) ENGINE=MyISAM  DEFAULT CHARSET=utf8 AUTO_INCREMENT=1101 ;

--
-- 轉存資料表中的資料 `itementryrow`
--

INSERT INTO `itementryrow` (`ID`, `itemEntryID`, `itemArticleID`, `value`) VALUES
(1, 1, 1, 120.00000),
(2, 1, 2, 90.00000),
(3, 1, 3, 80.00000),
(4, 2, 8, 2.00000),
(5, 3, 1, 130.00000),
(6, 3, 2, 89.00000),
(7, 3, 3, 74.00000),
(8, 4, 1, 166.00000),
(9, 4, 2, 89.00000),
(10, 4, 3, 88.00000),
(11, 5, 1, 148.00000),
(12, 5, 2, 90.00000),
(13, 5, 3, 83.00000),
(14, 6, 1, 142.00000),
(15, 6, 2, 88.00000),
(16, 6, 3, 73.00000),
(17, 7, 1, 142.00000),
(18, 7, 2, 89.00000),
(19, 7, 3, 71.00000),
(20, 8, 1, 132.00000),
(21, 8, 2, 94.00000),
(22, 8, 3, 82.00000),
(23, 9, 1, 152.00000),
(24, 9, 2, 85.00000),
(25, 9, 3, 79.00000),
(26, 10, 8, 2.00000),
(36, 20, 5, 74.30000),
(35, 19, 5, 76.30000),
(29, 13, 6, 1.00000),
(30, 14, 8, 1.00000),
(31, 15, 8, 2.20000),
(32, 16, 6, 1.20000),
(33, 17, 6, 2.10000),
(34, 18, 6, 1.10000),
(38, 22, 5, 78.40000),
(39, 23, 1, 150.00000),
(40, 23, 2, 88.00000),
(41, 23, 3, 72.00000),
(42, 24, 4, 153.00000),
(43, 25, 4, 180.00000),
(44, 26, 4, 73.00000),
(45, 27, 4, 119.00000),
(46, 28, 4, 73.00000),
(47, 29, 4, 119.00000),
(48, 30, 4, 115.00000),
(49, 31, 4, 127.00000),
(50, 32, 4, 72.00000),
(51, 33, 4, 81.00000),
(52, 34, 4, 112.00000),
(53, 35, 4, 203.00000),
(54, 36, 4, 95.00000),
(55, 37, 4, 70.00000),
(56, 38, 4, 77.00000),
(57, 39, 4, 134.00000),
(58, 40, 4, 149.00000),
(59, 41, 4, 125.00000),
(60, 42, 4, 66.00000),
(61, 43, 4, 214.00000),
(62, 44, 4, 104.00000),
(63, 45, 4, 188.00000),
(64, 46, 4, 85.00000),
(65, 47, 4, 62.00000),
(66, 48, 4, 191.00000),
(67, 49, 4, 91.00000),
(68, 50, 4, 155.00000),
(69, 51, 4, 94.00000),
(70, 52, 4, 61.00000),
(71, 53, 4, 130.00000),
(72, 54, 4, 68.00000),
(73, 55, 4, 142.00000),
(74, 56, 4, 97.00000),
(75, 57, 4, 106.00000),
(76, 58, 4, 99.00000),
(77, 59, 4, 108.00000),
(78, 60, 4, 88.00000),
(79, 61, 4, 129.00000),
(80, 62, 1, 133.00000),
(81, 62, 2, 67.00000),
(82, 62, 3, 74.00000),
(83, 63, 1, 127.00000),
(84, 63, 2, 67.00000),
(85, 63, 3, 68.00000),
(86, 64, 1, 122.00000),
(87, 64, 2, 70.00000),
(88, 64, 3, 68.00000),
(89, 65, 1, 138.00000),
(90, 65, 2, 70.00000),
(91, 65, 3, 71.00000),
(92, 66, 1, 127.00000),
(93, 66, 2, 68.00000),
(94, 66, 3, 70.00000),
(95, 67, 1, 119.00000),
(96, 67, 2, 6.00000),
(97, 67, 3, 73.00000),
(98, 68, 1, 141.00000),
(99, 68, 2, 71.00000),
(100, 68, 3, 70.00000),
(101, 69, 1, 133.00000),
(102, 69, 2, 70.00000),
(103, 69, 3, 73.00000),
(104, 70, 1, 129.00000),
(105, 70, 2, 69.00000),
(106, 70, 3, 76.00000),
(107, 71, 1, 136.00000),
(108, 71, 2, 71.00000),
(109, 71, 3, 71.00000),
(110, 72, 1, 144.00000),
(111, 72, 2, 75.00000),
(112, 72, 3, 73.00000),
(113, 73, 1, 142.00000),
(114, 73, 2, 77.00000),
(115, 73, 3, 74.00000),
(116, 74, 1, 136.00000),
(117, 74, 2, 76.00000),
(118, 74, 3, 70.00000),
(119, 75, 1, 136.00000),
(120, 75, 2, 71.00000),
(121, 75, 3, 72.00000),
(122, 76, 1, 125.00000),
(123, 76, 2, 67.00000),
(124, 76, 3, 78.00000),
(125, 77, 1, 127.00000),
(126, 77, 2, 64.00000),
(127, 77, 3, 77.00000),
(128, 78, 1, 139.00000),
(129, 78, 2, 71.00000),
(130, 78, 3, 74.00000),
(131, 79, 1, 147.00000),
(132, 79, 2, 72.00000),
(133, 79, 3, 74.00000),
(134, 80, 1, 130.00000),
(135, 80, 2, 7.00000),
(136, 80, 3, 70.00000),
(137, 81, 1, 122.00000),
(138, 81, 2, 71.00000),
(139, 81, 3, 79.00000),
(140, 82, 1, 139.00000),
(141, 82, 2, 69.00000),
(142, 82, 3, 71.00000),
(143, 83, 1, 127.00000),
(144, 83, 2, 69.00000),
(145, 83, 3, 73.00000),
(146, 84, 1, 154.00000),
(147, 84, 2, 74.00000),
(148, 84, 3, 74.00000),
(149, 85, 1, 142.00000),
(150, 85, 2, 73.00000),
(151, 85, 3, 72.00000),
(152, 86, 1, 136.00000),
(153, 86, 2, 72.00000),
(154, 86, 3, 74.00000),
(155, 87, 1, 126.00000),
(156, 87, 2, 69.00000),
(157, 87, 3, 76.00000),
(158, 88, 1, 131.00000),
(159, 88, 2, 70.00000),
(160, 88, 3, 77.00000),
(161, 89, 1, 145.00000),
(162, 89, 2, 74.00000),
(163, 89, 3, 69.00000),
(164, 90, 1, 141.00000),
(165, 90, 2, 79.00000),
(166, 90, 3, 69.00000),
(167, 91, 1, 149.00000),
(168, 91, 2, 76.00000),
(169, 91, 3, 67.00000),
(170, 92, 1, 158.00000),
(171, 92, 2, 80.00000),
(172, 92, 3, 73.00000),
(173, 93, 1, 143.00000),
(174, 93, 2, 76.00000),
(175, 93, 3, 74.00000),
(176, 94, 1, 120.00000),
(177, 94, 2, 78.00000),
(178, 94, 3, 89.00000),
(179, 95, 1, 145.00000),
(180, 95, 2, 77.00000),
(181, 95, 3, 77.00000),
(182, 96, 1, 129.00000),
(183, 96, 2, 74.00000),
(184, 96, 3, 78.00000),
(185, 97, 1, 139.00000),
(186, 97, 2, 78.00000),
(187, 97, 3, 65.00000),
(188, 98, 1, 127.00000),
(189, 98, 2, 70.00000),
(190, 98, 3, 72.00000),
(191, 99, 1, 127.00000),
(192, 99, 2, 68.00000),
(193, 99, 3, 77.00000),
(194, 100, 1, 139.00000),
(195, 100, 2, 74.00000),
(196, 100, 3, 72.00000),
(197, 101, 1, 134.00000),
(198, 101, 2, 72.00000),
(199, 101, 3, 73.00000),
(200, 102, 1, 131.00000),
(201, 102, 2, 75.00000),
(202, 102, 3, 73.00000),
(203, 103, 1, 148.00000),
(204, 103, 2, 84.00000),
(205, 103, 3, 77.00000),
(206, 104, 1, 127.00000),
(207, 104, 2, 73.00000),
(208, 104, 3, 76.00000),
(209, 105, 1, 145.00000),
(210, 105, 2, 77.00000),
(211, 105, 3, 81.00000),
(212, 106, 1, 127.00000),
(213, 106, 2, 68.00000),
(214, 106, 3, 80.00000),
(215, 107, 1, 137.00000),
(216, 107, 2, 77.00000),
(217, 107, 3, 76.00000),
(218, 108, 1, 137.00000),
(219, 108, 2, 76.00000),
(220, 108, 3, 79.00000),
(221, 109, 1, 141.00000),
(222, 109, 2, 84.00000),
(223, 109, 3, 90.00000),
(224, 110, 1, 130.00000),
(225, 110, 2, 72.00000),
(226, 110, 3, 74.00000),
(227, 111, 1, 132.00000),
(228, 111, 2, 72.00000),
(229, 111, 3, 75.00000),
(230, 112, 1, 134.00000),
(231, 112, 2, 77.00000),
(232, 112, 3, 75.00000),
(233, 113, 1, 138.00000),
(234, 113, 2, 82.00000),
(235, 113, 3, 70.00000),
(236, 114, 1, 119.00000),
(237, 114, 2, 76.00000),
(238, 114, 3, 78.00000),
(239, 115, 1, 131.00000),
(240, 115, 2, 78.00000),
(241, 115, 3, 76.00000),
(242, 116, 1, 144.00000),
(243, 116, 2, 83.00000),
(244, 116, 3, 74.00000),
(245, 117, 1, 144.00000),
(246, 117, 2, 81.00000),
(247, 117, 3, 76.00000),
(248, 118, 1, 142.00000),
(249, 118, 2, 80.00000),
(250, 118, 3, 73.00000),
(251, 119, 1, 145.00000),
(252, 119, 2, 79.00000),
(253, 119, 3, 72.00000),
(254, 120, 1, 151.00000),
(255, 120, 2, 84.00000),
(256, 120, 3, 74.00000),
(257, 121, 1, 152.00000),
(258, 121, 2, 84.00000),
(259, 121, 3, 74.00000),
(260, 122, 1, 142.00000),
(261, 122, 2, 77.00000),
(262, 122, 3, 73.00000),
(263, 123, 4, 87.00000),
(264, 124, 4, 71.00000),
(265, 125, 4, 89.00000),
(940, 210, 18, 0.00000),
(939, 210, 17, 0.00000),
(938, 210, 16, 0.00000),
(937, 210, 15, 0.00000),
(936, 210, 14, 58.00000),
(935, 210, 13, 76.00000),
(934, 210, 12, 43.00000),
(933, 210, 11, 59.00000),
(932, 209, 18, 0.00000),
(931, 209, 17, 0.00000),
(930, 209, 16, 0.00000),
(929, 209, 15, 0.00000),
(928, 209, 14, 227.00000),
(927, 209, 13, 260.00000),
(926, 209, 12, 197.00000),
(925, 209, 11, 197.00000),
(924, 208, 18, 0.00000),
(923, 208, 17, 0.00000),
(922, 208, 16, 0.00000),
(921, 208, 15, 0.00000),
(920, 208, 14, 226.00000),
(919, 208, 13, 260.00000),
(918, 208, 12, 197.00000),
(917, 208, 11, 197.00000),
(916, 207, 18, 0.00000),
(915, 207, 17, 0.00000),
(914, 207, 16, 0.00000),
(913, 207, 15, 0.00000),
(912, 207, 14, 226.00000),
(911, 207, 13, 261.00000),
(910, 207, 12, 198.00000),
(909, 207, 11, 197.00000),
(908, 206, 18, 0.00000),
(907, 206, 17, 0.00000),
(906, 206, 16, 0.00000),
(905, 206, 15, 0.00000),
(904, 206, 14, 223.00000),
(903, 206, 13, 259.00000),
(902, 206, 12, 207.00000),
(901, 206, 11, 197.00000),
(900, 205, 18, 0.00000),
(899, 205, 17, 0.00000),
(898, 205, 16, 0.00000),
(897, 205, 15, 0.00000),
(896, 205, 14, 226.00000),
(895, 205, 13, 260.00000),
(894, 205, 12, 197.00000),
(893, 205, 11, 197.00000),
(892, 204, 18, 0.00000),
(891, 204, 17, 0.00000),
(890, 204, 16, 0.00000),
(889, 204, 15, 0.00000),
(888, 204, 14, 124.00000),
(887, 204, 13, 150.00000),
(886, 204, 12, 104.00000),
(885, 204, 11, 119.00000),
(884, 203, 18, 0.00000),
(883, 203, 17, 0.00000),
(882, 203, 16, 0.00000),
(881, 203, 15, 0.00000),
(880, 203, 14, 126.00000),
(879, 203, 13, 157.00000),
(878, 203, 12, 103.00000),
(877, 203, 11, 119.00000),
(876, 202, 18, 0.00000),
(875, 202, 17, 0.00000),
(874, 202, 16, 0.00000),
(873, 202, 15, 0.00000),
(872, 202, 14, 123.00000),
(871, 202, 13, 158.00000),
(870, 202, 12, 103.00000),
(869, 202, 11, 119.00000),
(868, 201, 18, 0.00000),
(867, 201, 17, 0.00000),
(866, 201, 16, 0.00000),
(865, 201, 15, 0.00000),
(864, 201, 14, 125.00000),
(863, 201, 13, 158.00000),
(862, 201, 12, 103.00000),
(861, 201, 11, 119.00000),
(860, 200, 18, 0.00000),
(859, 200, 17, 0.00000),
(858, 200, 16, 0.00000),
(857, 200, 15, 0.00000),
(856, 200, 14, 119.00000),
(855, 200, 13, 154.00000),
(854, 200, 12, 101.00000),
(853, 200, 11, 119.00000),
(852, 199, 18, 0.00000),
(851, 199, 17, 0.00000),
(850, 199, 16, 0.00000),
(849, 199, 15, 0.00000),
(848, 199, 14, 84.00000),
(847, 199, 13, 106.00000),
(846, 199, 12, 69.00000),
(845, 199, 11, 79.00000),
(844, 198, 18, 0.00000),
(843, 198, 17, 0.00000),
(842, 198, 16, 0.00000),
(841, 198, 15, 0.00000),
(840, 198, 14, 82.00000),
(839, 198, 13, 120.00000),
(838, 198, 12, 67.00000),
(837, 198, 11, 71.00000),
(836, 197, 18, 0.00000),
(835, 197, 17, 0.00000),
(834, 197, 16, 0.00000),
(833, 197, 15, 0.00000),
(832, 197, 14, 82.00000),
(831, 197, 13, 106.00000),
(830, 197, 12, 69.00000),
(829, 197, 11, 79.00000),
(828, 196, 18, 0.00000),
(827, 196, 17, 0.00000),
(826, 196, 16, 0.00000),
(825, 196, 15, 0.00000),
(824, 196, 14, 72.00000),
(823, 196, 13, 95.00000),
(822, 196, 12, 59.00000),
(821, 196, 11, 79.00000),
(820, 195, 18, 0.00000),
(819, 195, 17, 0.00000),
(818, 195, 16, 0.00000),
(817, 195, 15, 0.00000),
(816, 195, 14, 69.00000),
(815, 195, 13, 90.00000),
(814, 195, 12, 55.00000),
(813, 195, 11, 79.00000),
(812, 194, 18, 0.00000),
(811, 194, 17, 0.00000),
(810, 194, 16, 0.00000),
(809, 194, 15, 0.00000),
(808, 194, 14, 91.00000),
(807, 194, 13, 117.00000),
(806, 194, 12, 78.00000),
(805, 194, 11, 79.00000),
(804, 193, 18, 0.00000),
(803, 193, 17, 0.00000),
(802, 193, 16, 0.00000),
(801, 193, 15, 0.00000),
(800, 193, 14, 90.00000),
(799, 193, 13, 118.00000),
(798, 193, 12, 78.00000),
(797, 193, 11, 79.00000),
(796, 192, 18, 0.00000),
(795, 192, 17, 0.00000),
(794, 192, 16, 0.00000),
(793, 192, 15, 0.00000),
(792, 192, 14, 81.00000),
(791, 192, 13, 109.00000),
(790, 192, 12, 65.00000),
(789, 192, 11, 74.00000),
(788, 191, 18, 0.00000),
(787, 191, 17, 0.00000),
(786, 191, 16, 0.00000),
(785, 191, 15, 0.00000),
(784, 191, 14, 91.00000),
(783, 191, 13, 114.00000),
(782, 191, 12, 72.00000),
(781, 191, 11, 63.00000),
(780, 190, 18, 0.00000),
(779, 190, 17, 0.00000),
(778, 190, 16, 0.00000),
(777, 190, 15, 0.00000),
(776, 190, 14, 86.00000),
(775, 190, 13, 119.00000),
(774, 190, 12, 69.00000),
(773, 190, 11, 76.00000),
(941, 211, 11, 86.00000),
(942, 211, 12, 80.00000),
(943, 211, 13, 121.00000),
(944, 211, 14, 98.00000),
(945, 211, 15, 0.30000),
(946, 211, 18, 97.00000),
(947, 211, 16, 8.20000),
(948, 211, 17, 0.80000),
(949, 212, 11, 84.00000),
(950, 212, 12, 66.00000),
(951, 212, 13, 100.00000),
(952, 212, 14, 81.00000),
(953, 212, 15, 0.00000),
(954, 212, 18, 111.00000),
(955, 212, 16, 9.20000),
(956, 212, 17, 0.80000),
(957, 213, 11, 80.00000),
(958, 213, 12, 69.00000),
(959, 213, 13, 123.00000),
(960, 213, 14, 86.00000),
(961, 213, 15, 0.30000),
(962, 213, 18, 106.00000),
(963, 213, 16, 8.30000),
(964, 213, 17, 0.80000),
(965, 214, 11, 86.00000),
(966, 214, 12, 80.00000),
(967, 214, 13, 121.00000),
(968, 214, 14, 98.00000),
(969, 214, 15, 0.30232),
(970, 214, 18, 97.00000),
(971, 214, 16, 8.20000),
(972, 214, 17, 0.80000),
(973, 215, 11, 84.00000),
(974, 215, 12, 66.00000),
(975, 215, 13, 100.00000),
(976, 215, 14, 81.00000),
(977, 215, 15, 0.00000),
(978, 215, 18, 111.00000),
(979, 215, 16, 9.20000),
(980, 215, 17, 0.80000),
(981, 216, 11, 80.00000),
(982, 216, 12, 69.00000),
(983, 216, 13, 123.00000),
(984, 216, 14, 86.00000),
(985, 216, 15, 0.29505),
(986, 216, 18, 106.00000),
(987, 216, 16, 8.30000),
(988, 216, 17, 0.80000),
(989, 217, 11, 86.00000),
(990, 217, 12, 80.00000),
(991, 217, 13, 121.00000),
(992, 217, 14, 98.00000),
(993, 217, 15, 0.30232),
(994, 217, 18, 97.00000),
(995, 217, 16, 8.20000),
(996, 217, 17, 0.80000),
(997, 218, 11, 84.00000),
(998, 218, 12, 66.00000),
(999, 218, 13, 100.00000),
(1000, 218, 14, 81.00000),
(1001, 218, 15, 0.00000),
(1002, 218, 18, 111.00000),
(1003, 218, 16, 9.20000),
(1004, 218, 17, 0.80000),
(1005, 219, 11, 80.00000),
(1006, 219, 12, 69.00000),
(1007, 219, 13, 123.00000),
(1008, 219, 14, 86.00000),
(1009, 219, 15, 0.29505),
(1010, 219, 18, 106.00000),
(1011, 219, 16, 8.30000),
(1012, 219, 17, 0.80000),
(1013, 220, 11, 84.00000),
(1014, 220, 12, 66.00000),
(1015, 220, 13, 100.00000),
(1016, 220, 14, 81.00000),
(1017, 220, 15, 0.00000),
(1018, 220, 18, 111.00000),
(1019, 220, 16, 9.20000),
(1020, 220, 17, 0.80000),
(1021, 221, 11, 80.00000),
(1022, 221, 12, 69.00000),
(1023, 221, 13, 123.00000),
(1024, 221, 14, 86.00000),
(1025, 221, 15, 0.29505),
(1026, 221, 18, 106.00000),
(1027, 221, 16, 8.30000),
(1028, 221, 17, 0.80000),
(1029, 222, 11, 72.00000),
(1030, 222, 12, 86.00000),
(1031, 222, 13, 139.00000),
(1032, 222, 14, 110.00000),
(1033, 222, 15, 0.30091),
(1034, 222, 18, 0.00000),
(1035, 222, 16, 0.00000),
(1036, 222, 17, 0.80000),
(1037, 223, 11, 74.00000),
(1038, 223, 12, 82.00000),
(1039, 223, 13, 119.00000),
(1040, 223, 14, 105.00000),
(1041, 223, 15, 0.00000),
(1042, 223, 18, 110.00000),
(1043, 223, 16, 8.00000),
(1044, 223, 17, 0.80000),
(1045, 224, 11, 89.00000),
(1046, 224, 12, 79.00000),
(1047, 224, 13, 149.00000),
(1048, 224, 14, 102.00000),
(1049, 224, 15, 0.33122),
(1050, 224, 18, 56.00000),
(1051, 224, 16, 4.90000),
(1052, 224, 17, 0.80000),
(1053, 225, 11, 82.00000),
(1054, 225, 12, 72.00000),
(1055, 225, 13, 122.00000),
(1056, 225, 14, 98.00000),
(1057, 225, 15, 0.31781),
(1058, 225, 18, 87.00000),
(1059, 225, 16, 7.10000),
(1060, 225, 17, 0.80000),
(1061, 226, 11, 83.00000),
(1062, 226, 12, 78.00000),
(1063, 226, 13, 125.00000),
(1064, 226, 14, 104.00000),
(1065, 226, 15, 0.31261),
(1066, 226, 18, 96.00000),
(1067, 226, 16, 7.80000),
(1068, 226, 17, 0.80000),
(1069, 227, 11, 80.00000),
(1070, 227, 12, 87.00000),
(1071, 227, 13, 131.00000),
(1072, 227, 14, 105.00000),
(1073, 227, 15, 0.33561),
(1074, 227, 18, 107.00000),
(1075, 227, 16, 8.50000),
(1076, 227, 17, 0.80000),
(1077, 228, 11, 79.00000),
(1078, 228, 12, 77.00000),
(1079, 228, 13, 130.00000),
(1080, 228, 14, 98.00000),
(1081, 228, 15, 0.00000),
(1082, 228, 18, 62.00000),
(1083, 228, 16, 4.80000),
(1084, 228, 17, 0.80000),
(1085, 229, 11, 80.00000),
(1086, 229, 12, 85.00000),
(1087, 229, 13, 120.00000),
(1088, 229, 14, 103.00000),
(1089, 229, 15, 0.22435),
(1090, 229, 18, 100.00000),
(1091, 229, 16, 7.90000),
(1092, 229, 17, 0.80000),
(1093, 230, 11, 82.00000),
(1094, 230, 12, 81.00000),
(1095, 230, 13, 123.00000),
(1096, 230, 14, 94.00000),
(1097, 230, 15, 0.21615),
(1098, 230, 18, 77.00000),
(1099, 230, 16, 6.20000),
(1100, 230, 17, 0.80000);

-- --------------------------------------------------------

--
-- 表的結構 `messagegroup`
--

CREATE TABLE IF NOT EXISTS `messagegroup` (
  `messageID` int(11) NOT NULL,
  `grouped` tinyint(4) NOT NULL DEFAULT '0',
  `groupID` int(11) NOT NULL,
  KEY `messageID` (`messageID`),
  KEY `grouped` (`grouped`),
  KEY `groupID` (`groupID`)
) ENGINE=InnoDB DEFAULT CHARSET=utf8;

--
-- 轉存資料表中的資料 `messagegroup`
--

INSERT INTO `messagegroup` (`messageID`, `grouped`, `groupID`) VALUES
(2, 1, 2);

-- --------------------------------------------------------

--
-- 表的結構 `messages`
--

CREATE TABLE IF NOT EXISTS `messages` (
  `ID` int(11) NOT NULL AUTO_INCREMENT,
  `message` blob NOT NULL,
  `grouped` tinyint(1) NOT NULL DEFAULT '0',
  `published` datetime NOT NULL,
  `closed` datetime NOT NULL,
  PRIMARY KEY (`ID`),
  KEY `grouped` (`grouped`),
  KEY `published` (`published`),
  KEY `closed` (`closed`)
) ENGINE=InnoDB  DEFAULT CHARSET=utf8 AUTO_INCREMENT=7 ;

--
-- 轉存資料表中的資料 `messages`
--

INSERT INTO `messages` (`ID`, `message`, `grouped`, `published`, `closed`) VALUES
(2, 0x5445535420312075706461746564, 1, '2013-10-29 00:00:00', '0000-00-00 00:00:00'),
(3, 0x546573742032200d0a4c696e652032, 0, '2013-09-11 00:00:00', '0000-00-00 00:00:00'),
(4, 0xe5a682e4bd95e68ea7e588b6e8a180e7b3960d0a0d0ae8a8b1e5a49ae7b396e5b0bfe79785e682a3e5b8b8e69c83e5958fefbc9ae3808ce68891e5b7b2e7b693e4bb80e9babce69db1e8a5bfe983bde4b88de695a20d0ae59083e4ba86efbc8ce782bae4bb80e9babce98284e698afe8a180e7b396e9818ee9ab98e591a2efbc9fe3808de79a84e7a2baefbc8ce69c89e8a8b1e5a49a0d0ae682a3e88085e5b8b8e5b8b8e9a2a8e5a1b5e58395e58395e59cb0e588b0e986abe999a2efbc8ce8be9be8be9be88ba6e88ba6e59cb0e68e92e99a8ae580990d0ae8a8baefbc8ce68e92e99a8ae9a098e897a5efbc8ce4bd86e698afe6af8fe6aca1e68abde8a180e6aaa2e69fa5e7b590e69e9ce58dbbe7b8bde698afe4bba40d0ae4babae5a4b1e69c9befbc8ce8a180e7b396e580bce4b88de698afe585a9e799bee5a49aefbc8ce5b0b1e698afe4b889e799bee5a49aefbc8ce7949ae887b30d0ae69bb4e9ab98e380820d0a0d0ae782bae4bb80e9babce69c83e8a180e7b396e9818ee9ab98e591a2efbc9fe8a180e7b396e9818ee9ab98e79a84e58e9fe59ba0e69c89e5be88e5a49aefbc8c0d0ae4bba5e4b88be5b087e68f90e587bae5b8b8e8a68be8a180e7b396e9818ee9ab98e79a84e58e9fe59ba0efbc8ce4be9be5a4a7e5aeb6e4bd9ce782bae58f830d0ae88083e380820d0a312ee7bcbae4b98fe981a9e795b6e79a84e9a3b2e9a39fe68ea7e588b60d0a322ee7bcbae4b98fe981a9e795b6e79a84e9818be58b950d0a332ee9ab94e9878de9818ee9878de68896e882a5e883960d0a342ee5908ce69982e682a3e69c89e585b6e4bb96e796bee79785e8808ce5bdb1e99fbfe8a180e7b3960d0a352ee5908ce69982e69c8de794a8e58fafe883bde4bdbfe8a180e7b396e4b88ae58d87e79a84e897a5e789a90d0a362ee4b88de8a68fe58987e59cb0e68ea5e58f97e6b2bbe799820d0a372ee99c80e8a681e6b3a8e5b084e883b0e5b3b6e7b4a0e58dbbe68b92e7b595e4bdbfe794a80d0a0d0ae68ea7e588b6e8a180e7b396e79a84e9a3b2e9a39fe58e9fe58987e782bae4bd95efbc9f0d0a0d0ae981b5e5beaae88887e7879fe9a48ae5b8abe585b1e5908ce58d94e59586e79a84e9a3b2e9a39fe8a888e795abefbc8ce9a48ae68890e5ae9ae69982e5ae9a0d0ae9878fe79a84e9a3b2e9a39fe7bf92e685a3efbc8ce4bba5e981bfe5858de8a180e7b396e9818ee9ab98e380820d0ae59d87e8a1a1e6949de9a39fefbc8ce4be9de6939ae9a3b2e9a39fe8a888e795abe981a9e9878fe6949de58f96e4b8bbe9a39fe9a19ee38081e6b0b4e69e9c0d0ae9a19ee38081e6b2b9e88482e9a19ee38081e5a5b6e9a19ee5928ce88289e9ad9ae8b186e89b8be9a19eefbc8ce4bba5e981bfe5858de8a180e7b396e9818e0d0ae9ab98e380820d0a0d0ae5a49ae981b8e794a8e5af8ce590abe7ba96e7b6ade8b3aae79a84e9a39fe789a9efbc8ce5a682efbc9ae69caae58aa0e5b7a5e79a84e8b186e9a19ee380810d0ae6b0b4e69e9ce38081e894ace88f9ce38081e585a8e7a980e9a19eefbc8ce4bba5e981bfe5858de8a180e7b396e9818ee9ab98e380820d0ae9a3b2e794a8e897a4e69fb3e88cb6efbc8ce59c8be585a7e69f90e986abe897a5e5a4a7e5adb8e7a094e7a9b6e8ad89e5afa6e897a4e69fb3e88cb6e5b08d0d0ae696bce681a2e5bea9e883b0e8879fe6ada3e5b8b8e6a99fe883bdefbc8ce7a9a9e5ae9ae8a180e7b396e58a9fe69588e7a9a9e5ae9aefbc8ce4bba5e981bf0d0ae5858de8a180e7b396e9818ee9ab98e380820d0a0d0ae5b091e59083e6b2b9e782b8e38081e6b2b9e7858ee38081e6b2b9e78292e5928ce6b2b9e985a5e79a84e9a39fe789a9efbc8ce4bba5e58f8ae8b1ace79aae0d0ae38081e99b9ee79aaee7ad89e590abe6b2b9e88482e9ab98e79a84e9a39fe789a9efbc8ce4bba5e981bfe5858de8a180e7b396e9818ee9ab98e380820d0ae981bfe5858de6949de9a39fe590abe886bde59bbae98687e9ab98e79a84e9a39fe789a9efbc8ce5a682efbc9ae885a6e38081e8829de38081e89b8be9bb830d0ae7ad89efbc8ce4bba5e981bfe5858de8a180e7b396e9818ee9ab98e380820d0a0d0ae9a3b2e9a39fe58498e9878fe6b885e6b7a1e4b88de58fafe9818ee9b9b9efbc8ce981bfe5858de6949de9a39fe58aa0e5b7a5e68896e98683e8a3bde79a840d0ae9a39fe789a9efbc8ce4baabe8aabfe9a39fe789a9e694b9e68ea1e78789e38081e783a4e38081e78792e38081e6b885e892b8e38081e6b0b4e785aee380810d0ae6b6bce68b8ce7ad89e696b9e5bc8fefbc8ce4bba5e981bfe5858de8a180e7b396e9818ee9ab98e380820d0a0d0ae58498e9878fe5b091e59083e5af8ce590abe7b2bee7b7bbe7b396e9a19ee79a84e9a39fe59381e5a682efbc9ae7b396e69e9ce38081e78589e4b9b3e380810d0ae89c82e89c9ce38081e6b1bde6b0b4e38081e7bd90e8a39de68896e79b92e8a39de79a84e69e9ce6b181e38081e58aa0e7b396e89c9ce9a49ee38081e89b8b0d0ae68db2e38081e4b8ade8a5bfe5bc8fe7949ce9bb9ee5bf83e38081e58aa0e7b396e7bd90e9a0ade7ad89efbc8ce4bba5e981bfe5858de8a180e7b396e9818e0d0ae9ab98e380820d0a, 0, '2013-10-11 00:00:00', '0000-00-00 00:00:00'),
(5, 0x5454540d0ae8a88ae681af, 0, '2013-11-15 00:00:00', '0000-00-00 00:00:00'),
(6, 0xe58fa6e5a496e4b880e58987e8a88ae681af, 0, '2013-12-12 00:00:00', '0000-00-00 00:00:00');

-- --------------------------------------------------------

--
-- 表的結構 `requestlog`
--

CREATE TABLE IF NOT EXISTS `requestlog` (
  `messageID` int(11) NOT NULL,
  `accountID` int(11) NOT NULL,
  `requested` datetime NOT NULL,
  KEY `messageID` (`messageID`),
  KEY `accountID` (`accountID`),
  KEY `requested` (`requested`)
) ENGINE=InnoDB DEFAULT CHARSET=utf8;

--
-- 轉存資料表中的資料 `requestlog`
--

INSERT INTO `requestlog` (`messageID`, `accountID`, `requested`) VALUES
(3, 1, '2013-11-05 13:38:22'),
(4, 1, '2013-11-05 13:42:24'),
(5, 1, '2013-12-24 00:22:25'),
(6, 1, '2013-12-24 00:22:25'),
(6, 6, '2014-01-24 12:56:05'),
(5, 6, '2014-01-24 12:56:05'),
(4, 6, '2014-01-24 12:56:05'),
(3, 6, '2014-01-24 12:56:05');

/*!40101 SET CHARACTER_SET_CLIENT=@OLD_CHARACTER_SET_CLIENT */;
/*!40101 SET CHARACTER_SET_RESULTS=@OLD_CHARACTER_SET_RESULTS */;
/*!40101 SET COLLATION_CONNECTION=@OLD_COLLATION_CONNECTION */;
